-- MySQL dump 10.13  Distrib 5.5.41, for debian-linux-gnu (x86_64)
--
-- Host: 0.0.0.0    Database: pset7
-- ------------------------------------------------------
-- Server version	5.5.41-0ubuntu0.14.04.1

/*!40101 SET @OLD_CHARACTER_SET_CLIENT=@@CHARACTER_SET_CLIENT */;
/*!40101 SET @OLD_CHARACTER_SET_RESULTS=@@CHARACTER_SET_RESULTS */;
/*!40101 SET @OLD_COLLATION_CONNECTION=@@COLLATION_CONNECTION */;
/*!40101 SET NAMES utf8 */;
/*!40103 SET @OLD_TIME_ZONE=@@TIME_ZONE */;
/*!40103 SET TIME_ZONE='+00:00' */;
/*!40014 SET @OLD_UNIQUE_CHECKS=@@UNIQUE_CHECKS, UNIQUE_CHECKS=0 */;
/*!40014 SET @OLD_FOREIGN_KEY_CHECKS=@@FOREIGN_KEY_CHECKS, FOREIGN_KEY_CHECKS=0 */;
/*!40101 SET @OLD_SQL_MODE=@@SQL_MODE, SQL_MODE='NO_AUTO_VALUE_ON_ZERO' */;
/*!40111 SET @OLD_SQL_NOTES=@@SQL_NOTES, SQL_NOTES=0 */;

--
-- Table structure for table `history`
--

DROP TABLE IF EXISTS `history`;
/*!40101 SET @saved_cs_client     = @@character_set_client */;
/*!40101 SET character_set_client = utf8 */;
CREATE TABLE `history` (
  `id` int(11) NOT NULL AUTO_INCREMENT,
  `user_id` int(11) NOT NULL,
  `transaction` char(5) NOT NULL,
  `date_time` datetime NOT NULL,
  `symbol` char(5) NOT NULL,
  `shares` int(11) NOT NULL,
  `price` decimal(65,4) NOT NULL,
  PRIMARY KEY (`id`)
) ENGINE=InnoDB AUTO_INCREMENT=84 DEFAULT CHARSET=latin1;
/*!40101 SET character_set_client = @saved_cs_client */;

--
-- Dumping data for table `history`
--

LOCK TABLES `history` WRITE;
/*!40000 ALTER TABLE `history` DISABLE KEYS */;
INSERT INTO `history` VALUES (17,9,'BUY','2015-11-06 07:55:35','AAPL',1,120.9200),(18,9,'BUY','2015-11-06 07:56:01','AAPL',1,120.9200),(19,9,'DEP','2015-11-06 07:56:37','N/A',0,5.0000),(20,9,'BUY','2015-11-06 07:59:45','FREE',100,0.0500),(21,9,'DEP','2015-11-06 08:01:05','N/A',0,500.0000),(22,9,'SELL','2015-11-06 08:02:23','AAPL',0,120.9200),(23,9,'SELL','2015-11-06 08:05:42','',0,0.0000),(24,9,'SELL','2015-11-06 08:22:57','GOOG',0,731.2500),(25,9,'SELL','2015-11-06 08:24:15','APPL',0,96.1100),(26,9,'BUY','2015-11-06 08:24:26','APPL',4,96.1100),(27,9,'SELL','2015-11-06 08:24:34','APPL',0,96.1100),(28,9,'BUY','2015-11-06 08:24:51','APPL',4,96.1100),(29,9,'SELL','2015-11-06 08:24:57','APPL',0,96.1100),(30,9,'BUY','2015-11-06 08:25:54','APPL',4,96.1100),(31,9,'SELL','2015-11-06 08:25:58','APPL',0,96.1100),(32,9,'BUY','2015-11-06 08:26:44','APPL',4,96.1100),(33,9,'BUY','2015-11-06 08:27:20','APPL',4,96.1100),(34,9,'SELL','2015-11-06 08:27:24','APPL',4,96.1100),(35,9,'DEP','2015-11-06 08:28:16','N/A',0,500.0000),(36,9,'BUY','2015-11-06 08:31:55','APPL',4,96.1100),(37,9,'BUY','2015-11-06 08:32:06','FREE',1,0.0500),(38,9,'BUY','2015-11-06 08:32:14','AAPL',3,120.9200),(39,9,'BUY','2015-11-06 08:32:49','AAPL',10,120.9200),(40,9,'DEP','2015-11-06 08:47:26','N/A',0,500.0000),(41,9,'DEP','2015-11-06 08:47:30','N/A',0,500.0000),(42,9,'DEP','2015-11-06 08:48:58','N/A',1,500.0000),(43,9,'BUY','2015-11-06 08:53:07','AAPL',1,120.9200),(44,26,'BUY','2015-11-06 09:05:47','AAPL',100,120.9200),(45,27,'BUY','2015-11-06 09:07:23','APPL',100,96.1100),(46,27,'BUY','2015-11-06 09:07:35','AAPL',100,120.9200),(47,27,'BUY','2015-11-06 09:08:36','APPL',100,96.1100),(48,27,'SELL','2015-11-06 09:09:54','APPL',200,96.1100),(49,27,'SELL','2015-11-06 09:09:59','AAPL',100,120.9200),(50,26,'SELL','2015-11-06 09:13:56','AAPL',100,120.9200),(51,9,'DEP','2015-11-06 09:27:16','N/A',1,500.0000),(52,9,'BUY','2015-11-06 09:30:05','AAPL',1,120.9200),(53,9,'BUY','2015-11-06 09:30:14','AAPL',1,120.9200),(54,9,'BUY','2015-11-06 09:30:24','AAPL',2,120.9200),(55,9,'BUY','2015-11-06 09:30:47','AAPL',10000,120.9200),(56,9,'BUY','2015-11-06 09:32:02','AAPL',100,120.9200),(57,9,'SELL','2015-11-06 09:32:19','AAPL',10118,120.9200),(58,9,'BUY','2015-11-06 09:33:15','AAPL',1000000,120.9200),(59,9,'BUY','2015-11-06 09:34:55','AAPL',10000,120.9200),(60,9,'BUY','2015-11-06 09:39:00','AAPL',1000,120.9200),(61,9,'SELL','2015-11-06 09:39:59','AAPL',1011000,120.9200),(62,26,'BUY','2015-11-06 09:42:24','AAPL',100,120.9200),(63,9,'BUY','2015-11-06 09:42:53','AAPL',1,120.9200),(64,9,'BUY','2015-11-06 09:42:59','AAPL',1,120.9200),(65,9,'BUY','2015-11-06 09:43:06','AAPL',1000,120.9200),(66,9,'SELL','2015-11-06 09:43:12','AAPL',1002,120.9200),(67,9,'BUY','2015-11-06 09:43:21','AAPL',10,120.9200),(68,9,'BUY','2015-11-06 09:45:06','AAPL',1,120.9200),(69,9,'BUY','2015-11-06 09:45:14','AAPL',1,120.9200),(70,9,'BUY','2015-11-06 09:45:35','AAPL',1,120.9200),(71,9,'BUY','2015-11-06 09:45:44','AAPL',10000,120.9200),(72,9,'SELL','2015-11-06 09:45:49','AAPL',10011,120.9200),(73,9,'BUY','2015-11-06 09:52:39','AAPL',1,120.9200),(74,9,'BUY','2015-11-06 09:52:45','AAPL',1000,120.9200),(75,9,'SELL','2015-11-06 09:52:51','AAPL',1001,120.9200),(76,9,'BUY','2015-11-06 09:53:09','AAPL',1,120.9200),(77,9,'BUY','2015-11-06 09:53:18','AAPL',1,120.9200),(78,9,'BUY','2015-11-06 09:53:24','APPL',1,96.1100),(79,9,'BUY','2015-11-06 09:53:32','AAPL',1000000,120.9200),(80,9,'SELL','2015-11-06 09:53:39','AAPL',1000002,120.9200),(81,9,'BUY','2015-11-06 09:53:56','AAPL',1,120.9200),(82,9,'BUY','2015-11-06 09:54:02','AAPL',1000000000,120.9200),(83,9,'SELL','2015-11-06 09:54:09','AAPL',1000000001,120.9200);
/*!40000 ALTER TABLE `history` ENABLE KEYS */;
UNLOCK TABLES;

--
-- Table structure for table `portfolios`
--

DROP TABLE IF EXISTS `portfolios`;
/*!40101 SET @saved_cs_client     = @@character_set_client */;
/*!40101 SET character_set_client = utf8 */;
CREATE TABLE `portfolios` (
  `id` int(10) NOT NULL AUTO_INCREMENT,
  `user_id` int(10) NOT NULL,
  `symbol` char(4) NOT NULL,
  `shares` int(11) NOT NULL,
  PRIMARY KEY (`id`),
  UNIQUE KEY `user_id` (`user_id`,`symbol`)
) ENGINE=InnoDB AUTO_INCREMENT=77 DEFAULT CHARSET=latin1;
/*!40101 SET character_set_client = @saved_cs_client */;

--
-- Dumping data for table `portfolios`
--

LOCK TABLES `portfolios` WRITE;
/*!40000 ALTER TABLE `portfolios` DISABLE KEYS */;
INSERT INTO `portfolios` VALUES (1,1,'AAPL',1),(2,2,'GOOG',1),(3,3,'AAPL',4),(4,4,'AAPL',1),(5,5,'FREE',10),(6,6,'YHOO',2),(7,7,'YHOO',1),(8,8,'AAPL',10),(10,10,'FREE',1),(12,9,'FREE',125),(45,9,'APPL',5),(62,26,'AAPL',100);
/*!40000 ALTER TABLE `portfolios` ENABLE KEYS */;
UNLOCK TABLES;

--
-- Table structure for table `users`
--

DROP TABLE IF EXISTS `users`;
/*!40101 SET @saved_cs_client     = @@character_set_client */;
/*!40101 SET character_set_client = utf8 */;
CREATE TABLE `users` (
  `id` int(10) unsigned NOT NULL AUTO_INCREMENT,
  `username` varchar(255) NOT NULL,
  `hash` varchar(255) NOT NULL,
  `cash` decimal(65,4) unsigned NOT NULL DEFAULT '0.0000',
  PRIMARY KEY (`id`),
  UNIQUE KEY `username` (`username`)
) ENGINE=InnoDB AUTO_INCREMENT=28 DEFAULT CHARSET=latin1;
/*!40101 SET character_set_client = @saved_cs_client */;

--
-- Dumping data for table `users`
--

LOCK TABLES `users` WRITE;
/*!40000 ALTER TABLE `users` DISABLE KEYS */;
INSERT INTO `users` VALUES (1,'andi','$2y$10$c.e4DK7pVyLT.stmHxgAleWq4yViMmkwKz3x8XCo4b/u3r8g5OTnS',10000.0000),(2,'caesar','$2y$10$0p2dlmu6HnhzEMf9UaUIfuaQP7tFVDMxgFcVs0irhGqhOxt6hJFaa',10000.0000),(3,'eli','$2y$10$COO6EnTVrCPCEddZyWeEJeH9qPCwPkCS0jJpusNiru.XpRN6Jf7HW',10000.0000),(4,'hdan','$2y$10$o9a4ZoHqVkVHSno6j.k34.wC.qzgeQTBHiwa3rpnLq7j2PlPJHo1G',10000.0000),(5,'jason','$2y$10$ci2zwcWLJmSSqyhCnHKUF.AjoysFMvlIb1w4zfmCS7/WaOrmBnLNe',10000.0000),(6,'john','$2y$10$dy.LVhWgoxIQHAgfCStWietGdJCPjnNrxKNRs5twGcMrQvAPPIxSy',10000.0000),(7,'levatich','$2y$10$fBfk7L/QFiplffZdo6etM.096pt4Oyz2imLSp5s8HUAykdLXaz6MK',10000.0000),(8,'rob','$2y$10$3pRWcBbGdAdzdDiVVybKSeFq6C50g80zyPRAxcsh2t5UnwAkG.I.2',10000.0000),(9,'skroob','$2y$10$395b7wODm.o2N7W5UZSXXuXwrC0OtFB17w4VjPnCIn/nvv9e4XUQK',120920000120.9200),(10,'zamyla','$2y$10$UOaRF0LGOaeHG4oaEkfO4O7vfI34B1W23WqHr9zCpXL68hfQsS3/e',10000.0000),(11,'harman','$2y$10$CC30y5OWJWvOt36eIFZtxO6ZjkSrneet56CDkO2EZ2KuDnUzXaB.i',10000.0000),(12,'melina','$2y$10$mG.rWkLAmfeADl9TmtcQY.8/8LOYhqrkHLLJzdOCrOctCNNwa/h7W',10000.0000),(13,'fernando','$2y$10$GqB3I9wKa0EVxhVb6jdNwOqJZAKZd3wJev1vhcD/pTn2oOvqTvwgC',10000.0000),(14,'jenny','$2y$10$ovopgda.OQ5guECGThLa5Oft3CVCX.Vv7od1xz9K68njjRhJr41Xq',10000.0000),(26,'meanie','$2y$10$rLSAzHI4SwlGfZw8RRReRuz0nB9WvL4HJyN7ppftAeWqLD5Xico6u',0.0000),(27,'meanie2','$2y$10$qcNYXMYhuBJ3jkYpCkK2Cue8Mh44iZjobgGkl0mJYZHIXLdgSh5GC',10000.0000);
/*!40000 ALTER TABLE `users` ENABLE KEYS */;
UNLOCK TABLES;
/*!40103 SET TIME_ZONE=@OLD_TIME_ZONE */;

/*!40101 SET SQL_MODE=@OLD_SQL_MODE */;
/*!40014 SET FOREIGN_KEY_CHECKS=@OLD_FOREIGN_KEY_CHECKS */;
/*!40014 SET UNIQUE_CHECKS=@OLD_UNIQUE_CHECKS */;
/*!40101 SET CHARACTER_SET_CLIENT=@OLD_CHARACTER_SET_CLIENT */;
/*!40101 SET CHARACTER_SET_RESULTS=@OLD_CHARACTER_SET_RESULTS */;
/*!40101 SET COLLATION_CONNECTION=@OLD_COLLATION_CONNECTION */;
/*!40111 SET SQL_NOTES=@OLD_SQL_NOTES */;

-- Dump completed on 2015-11-06  9:54:46
